product_id,product_name,description
E5F6G7H8,Corn,Fresh sweet corn picked at peak ripeness for grilling or boiling.
M3N4O5P6,Tomatoes,Juicy red tomatoes perfect for salads and sandwiches.
U1V2W3X4,Bell Peppers,Colorful bell peppers with a crisp texture and mild flavor.
C9D0E1F2,Carrots,Crunchy orange carrots great for snacking or cooking.
K7L8M9N0,Green Beans,Tender green beans ideal for steaming or stir-frying.
S5T6U7V8,Potatoes,Versatile potatoes for baking mashing or roasting.
A3B4C5D6,Strawberries,Plump strawberries bursting with natural sweetness.
I1J2K3L4,Blueberries,Fresh blueberries rich in antioxidants and flavor.
Q9R0S1T2,Spinach,Leafy green spinach perfect for salads and sautés.
Y7Z8A9B0,Onions,Flavorful onions to enhance any savory dish.
G5H6I7J8,Peaches,Juicy peaches with a fragrant aroma and sweet taste.
O3P4Q5R6,Apples,Crisp apples ideal for snacking or baking pies.
S7T8U9V0,Watermelon,Refreshing watermelon slices for hot summer days.
A5B6C7D8,Blackberries,Wild blackberries with a tart and sweet flavor.
I3J4K5L6,Peas,Sweet green peas perfect for soups and side dishes.
Q1R2S3T4,Radishes,Spicy radishes add crunch to salads and tacos.
Y9Z0A1B2,Garlic,Fresh garlic bulbs to add depth to your recipes.
G7H8I9J0,Cherries,Red cherries sweet and juicy for desserts or snacks.
O5P6Q7R8,Plums,Delicious plums with a tangy-sweet flavor.
W3X4Y5Z6,Beets,Earthy beets great roasted or in salads.
E1F2G3H4,Okra,Fresh okra pods for frying or adding to gumbo.
M9N0O1P2,Peppers,Spicy and sweet peppers for all your cooking needs.
U7V8W9X0,Turnips,Hearty turnips perfect for roasting or mashing.
C5D6E7F8,Melons,Assorted melons sweet and hydrating.
K3L4M5N6,Herbs,Fresh-picked herbs to season your favorite dishes.
O7P8Q9R0,Peanuts,Locally grown peanuts great for snacking.
S1T2U3V4,Sunflowers,Sunflower heads for seeds or decoration.
A9B0C1D2,Peas,Sweet green peas perfect for soups and side dishes.
I7J8K9L0,Tomatoes,Juicy red tomatoes perfect for salads and sandwiches.
Q5R6S7T8,Potatoes,Versatile potatoes for baking mashing or roasting.
Y3Z4A5B6,Carrots,Crunchy orange carrots great for snacking or cooking.
G1H2I3J4,Strawberries,Plump strawberries bursting with natural sweetness.
O9P0Q1R2,Blueberries,Fresh blueberries rich in antioxidants and flavor.
W7X8Y9Z0,Spinach,Leafy green spinach perfect for salads and sautés.
E5F6G7H8,Onions,Flavorful onions to enhance any savory dish.
M3N4O5P6,Peaches,Juicy peaches with a fragrant aroma and sweet taste.
U1V2W3X4,Apples,Crisp apples ideal for snacking or baking pies.
C9D0E1F2,Watermelon,Refreshing watermelon slices for hot summer days.
K7L8M9N0,Blackberries,Wild blackberries with a tart and sweet flavor.
S5T6U7V8,Peas,Sweet green peas perfect for soups and side dishes.
A3B4C5D6,Radishes,Spicy radishes add crunch to salads and tacos.
I1J2K3L4,Garlic,Fresh garlic bulbs to add depth to your recipes.
Q9R0S1T2,Cherries,Red cherries sweet and juicy for desserts or snacks.
Y7Z8A9B0,Plums,Delicious plums with a tangy-sweet flavor.
G5H6I7J8,Beets,Earthy beets great roasted or in salads.
O3P4Q5R6,Okra,Fresh okra pods for frying or adding to gumbo.
S7T8U9V0,Peppers,Spicy and sweet peppers for all your cooking needs.
A5B6C7D8,Turnips,Hearty turnips perfect for roasting or mashing.
I3J4K5L6,Melons,Assorted melons sweet and hydrating.
Q1R2S3T4,Herbs,Fresh-picked herbs to season your favorite dishes.
Y9Z0A1B2,Peanuts,Locally grown peanuts great for snacking.
G7H8I9J0,Sunflowers,Sunflower heads for seeds or decoration.
O5P6Q7R8,Corn,Fresh sweet corn picked at peak ripeness for grilling or boiling.
W3X4Y5Z6,Tomatoes,Juicy red tomatoes perfect for salads and sandwiches.
E1F2G3H4,Bell Peppers,Colorful bell peppers with a crisp texture and mild flavor.
M9N0O1P2,Carrots,Crunchy orange carrots great for snacking or cooking.
U7V8W9X0,Green Beans,Tender green beans ideal for steaming or stir-frying.
C5D6E7F8,Potatoes,Versatile potatoes for baking mashing or roasting.
K3L4M5N6,Strawberries,Plump strawberries bursting with natural sweetness.
O7P8Q9R0,Blueberries,Fresh blueberries rich in antioxidants and flavor.
S1T2U3V4,Spinach,Leafy green spinach perfect for salads and sautés.
A9B0C1D2,Onions,Flavorful onions to enhance any savory dish.
I7J8K9L0,Peaches,Juicy peaches with a fragrant aroma and sweet taste.
Q5R6S7T8,Apples,Crisp apples ideal for snacking or baking pies.
Y3Z4A5B6,Watermelon,Refreshing watermelon slices for hot summer days.
G1H2I3J4,Blackberries,Wild blackberries with a tart and sweet flavor.
O9P0Q1R2,Peas,Sweet green peas perfect for soups and side dishes.
W7X8Y9Z0,Radishes,Spicy radishes add crunch to salads and tacos.
E5F6G7H8,Garlic,Fresh garlic bulbs to add depth to your recipes.
M3N4O5P6,Cherries,Red cherries sweet and juicy for desserts or snacks.
U1V2W3X4,Plums,Delicious plums with a tangy-sweet flavor.
C9D0E1F2,Beets,Earthy beets great roasted or in salads.
K7L8M9N0,Okra,Fresh okra pods for frying or adding to gumbo.
S5T6U7V8,Peppers,Spicy and sweet peppers for all your cooking needs.
A3B4C5D6,Turnips,Hearty turnips perfect for roasting or mashing.
I1J2K3L4,Melons,Assorted melons sweet and hydrating.
Q9R0S1T2,Herbs,Fresh-picked herbs to season your favorite dishes.
Y7Z8A9B0,Peanuts,Locally grown peanuts great for snacking.
G5H6I7J8,Sunflowers,Sunflower heads for seeds or decoration.
O3P4Q5R6,Corn,Fresh sweet corn picked at peak ripeness for grilling or boiling.
S7T8U9V0,Tomatoes,Juicy red tomatoes perfect for salads and sandwiches.
A5B6C7D8,Bell Peppers,Colorful bell peppers with a crisp texture and mild flavor.
I3J4K5L6,Carrots,Crunchy orange carrots great for snacking or cooking.
Q1R2S3T4,Green Beans,Tender green beans ideal for steaming or stir-frying.
Y9Z0A1B2,Potatoes,Versatile potatoes for baking mashing or roasting.
G7H8I9J0,Strawberries,Plump strawberries bursting with natural sweetness.
O5P6Q7R8,Blueberries,Fresh blueberries rich in antioxidants and flavor.
W3X4Y5Z6,Spinach,Leafy green spinach perfect for salads and sautés.
E1F2G3H4,Onions,Flavorful onions to enhance any savory dish.
M9N0O1P2,Peaches,Juicy peaches with a fragrant aroma and sweet taste.
U7V8W9X0,Apples,Crisp apples ideal for snacking or baking pies.
C5D6E7F8,Watermelon,Refreshing watermelon slices for hot summer days.
K3L4M5N6,Blackberries,Wild blackberries with a tart and sweet flavor.
O7P8Q9R0,Peas,Sweet green peas perfect for soups and side dishes.
S1T2U3V4,Radishes,Spicy radishes add crunch to salads and tacos.
A9B0C1D2,Garlic,Fresh garlic bulbs to add depth to your recipes.
I7J8K9L0,Cherries,Red cherries sweet and juicy for desserts or snacks.
Q5R6S7T8,Plums,Delicious plums with a tangy-sweet flavor.
Y3Z4A5B6,Beets,Earthy beets great roasted or in salads.
G1H2I3J4,Okra,Fresh okra pods for frying or adding to gumbo.
O9P0Q1R2,Peppers,Spicy and sweet peppers for all your cooking needs.
W7X8Y9Z0,Turnips,Hearty turnips perfect for roasting or mashing.
